{
  "name": "Idiot Token",
  "symbol": "IDIOT",
  "type": "ERC20",
  "decimals": 18,
  "description": "IDIOT is a community-driven meme token built on the Base network, celebrating the fun side of crypto while supporting an active and growing community.",
  "website": "https://stupidiots.com",
  "explorer": "https://basescan.org/token/0xf123f1269Fcb1d0c6F1DCFc3EF1F68dEDDf52a5e",
  "status": "active",
  "id": "0xf123f1269Fcb1d0c6F1DCFc3EF1F68dEDDf52a5e",
  "links": [
    {
      "name": "twitter",
      "url": "https://x.com/Stup_IDIOT_s"
    },
    {
      "name": "discord",
      "url": "https://discord.gg/zpfnkHHE"
    },
    {
      "name": "facebook",
      "url": "https://www.facebook.com/profile.php?id=61580473892697"
    }
  ]
}