address,amount,pool,notes,twitter,discord,proof_url
0x1111111111111111111111111111111111111111,30000,community,Discord OG role,@idiot_og,OG#0001,https://discord.com/channels/.../...
0x2222222222222222222222222222222222222222,50000,early_buyers,Net buys ≥ 0.5 ETH pre-snap,@earlybird,User#2222,https://basescan.org/address/0x2222...
0x3333333333333333333333333333333333333333,75000,lp,LP tokens at snapshot,@lppro,LP#3333,https://basescan.org/tx/...
0x4444444444444444444444444444444444444444,100000,meme_bounties,Best meme winner,@memeking,Meme#4444,https://twitter.com/memeking/status/...
0x5555555555555555555555555555555555555555,40000,partners,Strategic partnership,@partner,Partner#5555,https://discord.com/channels/.../...
