{
  "name": "Idiocracy Airdrop #1",
  "token": "0x03a520b32C04BF3bEEf7BEb72E919cf822Ed34f1",
  "chainId": 8453,
  "snapshot": "2025-10-15T20:00:00Z",
  "claimStart": "TBD",
  "claimEnd": "TBD",
  "merkleRoot": "0xMERKLE_ROOT_PLACEHOLDER",
  "total": "250000000",
  "decimals": 18,
  "claims": {
    "0x1111111111111111111111111111111111111111": {
      "amount": "30000",
      "proof": [
        "0x..."
      ],
      "pool": "community"
    },
    "0x2222222222222222222222222222222222222222": {
      "amount": "50000",
      "proof": [
        "0x..."
      ],
      "pool": "early_buyers"
    }
  },
  "notes": "Replace claims with the real allowlist-derived amounts. Keep amounts in whole tokens for UI; your on-chain contract will use wei."
}